nr. of blaze rods,expected time (s),expected time (min)
0,360.8117821603401,6.013529702672335
2,832.5988792572911,13.876647987621517
4,1307.779489146855,21.79632481911425
6,1755.3696680986404,29.25616113497734
8,2206.0850559219125,36.76808426536521
10,2657.0087598105742,44.283479330176235
